{"m":5,"n":100,"d":2000,"noise":0.1,"l2.global":19.5849346937427,"error.global":21004.5962164873,"l2.adele.dense":2.23851088487858,"l2.adele.sparse":0.969275310470547,"error.adele.dense":20526.1712253897,"error.adele.sparse":20530.8418666949,"l2.mrlasso.dense":2.23814575363132,"l2.mrlasso.sparse":0.488941185672361,"error.mrlasso.dense":20929.5223103961,"error.mrlasso.sparse":20938.5700136216}
